<?xml version="1.0"?>
<!DOCTYPE hibernate-mapping PUBLIC 
	"-//Hibernate/Hibernate Mapping DTD//EN"
	"http://hibernate.sourceforge.net/hibernate-mapping-3.0.dtd">
<hibernate-mapping >
	<class name="com.hcl.AccountantBean" table="fee_accountant" >
	     <id name="id" type="int" column ="Id">
		<generator class="increment"/>
	     </id>
	     <property name="name" column="name"/>
	      <property name="email" column="email" />
	       <property name="password" column="password" />
	        
	         <property name="address" column="address" />
	          <property name="contact" column="contact" />
	     
	      
	</class>
</hibernate-mapping>