<?xml version="1.0"?>
<!DOCTYPE hibernate-mapping PUBLIC 
	"-//Hibernate/Hibernate Mapping DTD//EN"
	"http://hibernate.sourceforge.net/hibernate-mapping-3.0.dtd">
<hibernate-mapping >
	<class name="com.hcl.StudentBean" table="fee_student" >
	     <id name="rollno" type="int" column ="rollno">
		<!--  <generator class="increment"/>  -->
	     </id>
	     <property name="name" column="name"/>
	      <property name="email" column="email" />
	       <property name="sex" column="sex" />
	         <property name="course" column="course" />
	          <property name="fee" column="fee" type="int"  />
	              <property name="paid" column="paid" type="int" />
	                <property name="due" column="due" type="int" />
	         <property name="address" column="address" />
	          <property name="contact" column="contact" />
	     
	      
	</class>
</hibernate-mapping>