<?xml version="1.0"?>
<!DOCTYPE hibernate-mapping PUBLIC 
	"-//Hibernate/Hibernate Mapping DTD//EN"
	"http://hibernate.sourceforge.net/hibernate-mapping-3.0.dtd">
<hibernate-mapping>
	<class name="com.model.Book1" table="book">
		<id name="bid" type="int" column="Bid">
			<!-- <generator class="increment" /> -->
		</id>
		<property name="bname" column="bname" />
		<property name="bcourse" column="bcourse" />
		<property name="bavailable" column="bavailable" />
		<property name="btotal" column="btotal" />
		<property name="bissue" column="bissue" />
		<property name="breturn" column="breturn" />

	</class>
</hibernate-mapping>