<?xml version="1.0"?>
<!DOCTYPE hibernate-mapping PUBLIC 
	"-//Hibernate/Hibernate Mapping DTD//EN"
	"http://hibernate.sourceforge.net/hibernate-mapping-3.0.dtd">
<hibernate-mapping>
	<class name="com.model.User1" table="user">
		<id name="id" type="long" column="Id">
			<generator class="increment" />
		</id>
		<property name="firstName" column="firstName" />
		<property name="lastName" column="lastName" />
		<property name="email" column="email" />
		<property name="userId" column="userId" />
		<property name="password" column="password" />


	</class>
</hibernate-mapping>